{"cameraMode":{"drawMode":0,"name":"Shaded","section":"Shading Mode"},"sceneLighting":true,"audioPlay":false,"sceneViewState":{"showFog":true,"showMaterialUpdate":false,"showSkybox":true,"showFlares":true,"showImageEffects":true,"showParticleSystems":true},"in2DMode":false,"pivot":{"x":351.5095520019531,"y":-29.354690551757814,"z":366.0546875},"rotation":{"x":0.37943950295448305,"y":-0.09768330305814743,"z":0.04040141403675079,"w":0.9191890954971314},"size":257.1395568847656,"orthographic":true}