{"cameraMode":{"drawMode":0,"name":"Shaded","section":"Shading Mode"},"sceneLighting":true,"audioPlay":false,"sceneViewState":{"showFog":true,"showMaterialUpdate":false,"showSkybox":true,"showFlares":true,"showImageEffects":true,"showParticleSystems":true},"in2DMode":false,"pivot":{"x":351.5095520019531,"y":-29.354690551757814,"z":366.0546875},"rotation":{"x":0.06917377561330795,"y":0.5850799679756165,"z":-0.05007517710328102,"w":0.80650395154953},"size":1772.7379150390625,"orthographic":true}