{"cameraMode":{"drawMode":0,"name":"Shaded","section":"Shading Mode"},"sceneLighting":true,"audioPlay":false,"sceneViewState":{"showFog":true,"showMaterialUpdate":true,"showSkybox":true,"showFlares":true,"showImageEffects":true,"showParticleSystems":true},"in2DMode":false,"pivot":{"x":0.059389591217041019,"y":2.419285774230957,"z":-2.8907997608184816},"rotation":{"x":0.18796975910663606,"y":0.8109945058822632,"z":-0.413895845413208,"w":0.3683098554611206},"size":8.54308032989502,"orthographic":false}