{"cameraMode":{"drawMode":0,"name":"Shaded","section":"Shading Mode"},"sceneLighting":true,"audioPlay":false,"sceneViewState":{"showFog":true,"showMaterialUpdate":true,"showSkybox":true,"showFlares":true,"showImageEffects":true,"showParticleSystems":true},"in2DMode":false,"pivot":{"x":10.711249351501465,"y":4.567864418029785,"z":3.7241361141204836},"rotation":{"x":-0.39389628171920779,"y":0.54451584815979,"z":-0.3215320110321045,"w":-0.667065441608429},"size":1.2885560989379883,"orthographic":false}