{"cameraMode":{"drawMode":0,"name":"Shaded","section":"Shading Mode"},"sceneLighting":true,"audioPlay":false,"sceneViewState":{"showFog":true,"showMaterialUpdate":true,"showSkybox":true,"showFlares":true,"showImageEffects":true,"showParticleSystems":true},"in2DMode":false,"pivot":{"x":7.447601318359375,"y":0.9725217819213867,"z":5.21848726272583},"rotation":{"x":0.18532346189022065,"y":0.7858050465583801,"z":-0.28053247928619387,"w":0.5191089510917664},"size":8.54308032989502,"orthographic":false}